home,total,baseline,defrost,usage,usage_cycles,non_usage_cycles,defrost_cycles,baseline_duty_percent,total_mins,artifical_sum,baseline_percentage,defrost_percentage,usage_percentage
55,34.9428463446,17.4211879987,0.0,17.4395215724,1264.0,815.0,0.0,0.209302325581,108837.0,34.8607095711,49.8562361717,0.0,49.9087034881
134,47.4402347383,37.3293485863,0.0,10.0645474274,649.0,1086.0,0.0,0.456140350877,107397.0,47.3938960137,78.6871076676,0.0,21.2152142224
135,41.7626251975,25.6706719221,0.0,16.0441699513,168.0,240.0,0.0,0.307692307692,23039.0,41.7148418734,61.4680513994,0.0,38.4175321246
